[
    {
        "id" : 1,
        "name" : "TOOLTIP_MAX_HP",
        "ro" : "Max. PV +[n]",
        "en" : "Max. HP +[n]",
        "es" : "Max. HP +[n]",
        "fr" : "PV max. +[n]",
        "it" : "Max. HP +[n]",
        "pt" : "Máx. VD: +[n]",
        "tr" : "Max. HP +[n]",
        "de" : "Max. TP +[n]"
    },
    {
        "id" : 2,
        "name" : "TOOLTIP_MAX_SP",
        "ro" : "Max. PM +[n]",
        "en" : "Max. SP +[n]",
        "es" : "Max. SP +[n]",
        "fr" : "PM max. +[n]",
        "it" : "Max. MP +[n]",
        "pt" : "Máx. MN: +[n]",
        "tr" : "Max. SP +[n]",
        "de" : "Max. MP +[n]"
    },
    {
        "id" : 3,
        "name" : "TOOLTIP_CON",
        "ro" : "Vitalitate +[n]",
        "en" : "Vitality +[n]",
        "es" : "Vitalidad +[n]",
        "fr" : "Vitalité +[n]",
        "it" : "Vitalità  +[n]",
        "pt" : "Vitalidade +[n]",
        "tr" : "Canlýlýk +[n]",
        "de" : "Vitalität +[n]"
    },
    {
        "id" : 4,
        "name" : "TOOLTIP_INT",
        "ro" : "Inteligență +[n]",
        "en" : "Intelligence +[n]",
        "es" : "Inteligencia +[n]",
        "fr" : "Intelligence +[n]",
        "it" : "Intelligenza +[n]",
        "pt" : "Inteligência: +[n]",
        "tr" : "Zeka +[n]",
        "de" : "Intelligenz +[n]"
    },
    {
        "id" : 5,
        "name" : "TOOLTIP_STR",
        "ro" : "Putere +[n]",
        "en" : "Strength +[n]",
        "es" : "Fuerza +[n]",
        "fr" : "Force +[n]",
        "it" : "Forza +[n]",
        "pt" : "Força: +[n]",
        "tr" : "Güç +[n]",
        "de" : "Stärke +[n]"
    },
    {
        "id" : 6,
        "name" : "TOOLTIP_DEX",
        "ro" : "Dexteritate +[n]",
        "en" : "Dexterity +[n]",
        "es" : "Destreza +[n]",
        "fr" : "Dextérité +[n]",
        "it" : "Destrezza +[n]",
        "pt" : "Destreza +[n]",
        "tr" : "Çeviklik +[n]",
        "de" : "Beweglichkeit +[n]"
    },
    {
        "id" : 7,
        "name" : "TOOLTIP_ATT_SPEED",
        "ro" : "Viteza de atac +[n]%",
        "en" : "Attack Speed +[n]%",
        "es" : "Velocidad de Ataque +[n]%",
        "fr" : "Vitesse d'attaque +[n]%",
        "it" : "Velocità d'attacco +[n]%",
        "pt" : "Rapidez de Ataque: +[n]%",
        "tr" : "Saldýrý Hýzý +%[n]",
        "de" : "Angriffsgeschwindigkeit +[n]%"
    },
    {
        "id" : 8,
        "name" : "TOOLTIP_MOV_SPEED",
        "ro" : "Viteza de mișcare [n]%",
        "en" : "Movement Speed [n]%",
        "es" : "Veloc. Movim. [n]%",
        "fr" : "Vit. de déplt [n]%",
        "it" : "Velocità movimento [n]%",
        "pt" : "Rapidez de Movimento [n]%",
        "tr" : "Hareket Hýzý %[n]",
        "de" : "Bewegungsgeschw. [n]%"
    },
    {
        "id" : 9,
        "name" : "TOOLTIP_CAST_SPEED",
        "ro" : "Viteza farmecului +[n]%",
        "en" : "Casting Speed +[n]%",
        "es" : "Velocidad de Hechizo +[n]%",
        "fr" : "Vitesse du sort +[n]%",
        "it" : "Velocità della magia +[n]%",
        "pt" : "Rapidez de Feitiço: +[n]%",
        "tr" : "Büyü Hýzý +%[n]",
        "de" : "Zaubergeschwindigkeit +[n]%"
    },
    {
        "id" : 10,
        "name" : "TOOLTIP_HP_REGEN",
        "ro" : "Regenerarea PV +[n]%",
        "en" : "HP Regeneration +[n]%",
        "es" : "Regeneración de HP +[n]%",
        "fr" : "Régénération des PV +[n]%",
        "it" : "Rigenerazione HP +[n]%",
        "pt" : "Regeneração de VD: +[n]%",
        "tr" : "HP Üretimi +%[n]",
        "de" : "TP-Regeneration +[n]%"
    },
    {
        "id" : 11,
        "name" : "TOOLTIP_SP_REGEN",
        "ro" : "Regenerare PM +[n]%",
        "en" : "SP Regeneration +[n]%",
        "es" : "Regeneración de SP +[n]%",
        "fr" : "Régénération des PM +[n]%",
        "it" : "Rigenerazione MP +[n]%",
        "pt" : "Regeneração de MN: +[n]%",
        "tr" : "SP Üretimi +%[n]",
        "de" : "MP-Regeneration +[n]%"
    },
    {
        "id" : 12,
        "name" : "TOOLTIP_APPLY_POISON_PCT",
        "ro" : "Șansă de otrăvire [n]%",
        "en" : "Poisoning chance [n]%",
        "es" : "Probabilidad de envenenamiento [n]%",
        "fr" : "Chance d'empoisonner : [n]%",
        "it" : "Possibilità di avvelenamento: [n]%",
        "pt" : "Chance de Envenenamento [n]%",
        "tr" : "Zehirleme ţansý %[n]",
        "de" : "Vergiftungschance [n]%"
    },
    {
        "id" : 13,
        "name" : "TOOLTIP_APPLY_STUN_PCT",
        "ro" : "Șansa de blocare [n]%",
        "en" : "Blackout chance [n]%",
        "es" : "Probabilidad de desmayo [n]%",
        "fr" : "Chance d'assommer : [n]%",
        "it" : "Possibilità di svenimento: [n]%",
        "pt" : "Chance de Atordoamento [n]%",
        "tr" : "Bayýlma ţansý: %[n]",
        "de" : "Ohnmachtschance [n]%"
    },
    {
        "id" : 14,
        "name" : "TOOLTIP_APPLY_SLOW_PCT",
        "ro" : "Șansă de încetinire [n]%",
        "en" : "Slowing chance [n]%",
        "es" : "Probabilidad de retardación [n]%",
        "fr" : "Chance de ralentissement : [n]%",
        "it" : "Possibilità di rallentamento: [n]%",
        "pt" : "Chance de Abrandamento [n]%",
        "tr" : "Yavaţlama ţansý: %[n]",
        "de" : "Verlangsamungschance [n]%"
    },
    {
        "id" : 15,
        "name" : "TOOLTIP_APPLY_CRITICAL_PCT",
        "ro" : "Șansa de lovitură critică +[n]%",
        "en" : "Chance of critical hit +[n]% ",
        "es" : "Probabilidad de golpes críticos +[n]% ",
        "fr" : "Chance de coup critique +[n]% ",
        "it" : "+ [n]% di possibilità nei colpi critici",
        "pt" : "Chance de Golpes Críticos +[n]%",
        "tr" : "Kritik Vuruţ ţansý: +%[n]",
        "de" : "Chance auf krit. Treffer +[n]%"
    },
    {
        "id" : 16,
        "name" : "TOOLTIP_APPLY_PENETRATE_PCT",
        "ro" : "Șansă [n]% la lovituri pătrunzătoare",
        "en" : "[n]% Chance for piercing Hits",
        "es" : "[n]% Probabilidad de Golpes de penetración",
        "fr" : "[n]% chances de coup perçant",
        "it" : "[n]% di possibilità su colpi che trafiggono",
        "pt" : "[n]% Chance de Golpes Perfurantes",
        "tr" : "Delici Vuruţ için ţansý %[n]",
        "de" : "[n]% Chance auf durchbohrenden Treffer"
    },
    {
        "id" : 17,
        "name" : "TOOLTIP_APPLY_ATTBONUS_HUMAN",
        "ro" : "Tare împotriva semi-oamenilor +[n]%",
        "en" : "Strong against Half Humans +[n]%",
        "es" : "Fuerza contra Medio Humanos +[n]%",
        "fr" : "Bonus contre les demi-humains +[n]%",
        "it" : "Forte contro Mezziuomini +[n]%",
        "pt" : "Forte contra Semi-Humanos: +[n]%",
        "tr" : "Yarý insanlara karţý güçlü +%[n]",
        "de" : "Stark gegen Halbmenschen +[n]%"
    },
    {
        "id" : 18,
        "name" : "TOOLTIP_APPLY_ATTBONUS_ANIMAL",
        "ro" : "Tare împotriva animalelor +[n]%",
        "en" : "Strong against Animals +[n]%",
        "es" : "Fuerza contra Animales +[n]%",
        "fr" : "Bonus contre les Animaux +[n]%",
        "it" : "Forte contro Animali +[n]%",
        "pt" : "Forte contra Animais: +[n]%",
        "tr" : "Hayvanlara karţý güçlü +%[n]",
        "de" : "Stark gegen Tiere +[n]%"
    },
    {
        "id" : 19,
        "name" : "TOOLTIP_APPLY_ATTBONUS_ORC",
        "ro" : "Tare împotriva orcilor +[n]%",
        "en" : "Strong against Orcs +[n]%",
        "es" : "Fuerza contra Orcos +[n]%",
        "fr" : "Bonus contre les Orcs +[n]%",
        "it" : "Forte contro Orchi +[n]%",
        "pt" : "Forte contra Orcs: +[n]%",
        "tr" : "Orklara karţý güçlü +%[n]",
        "de" : "Stark gegen Orks +[n]%"
    },
    {
        "id" : 20,
        "name" : "TOOLTIP_APPLY_ATTBONUS_MILGYO",
        "ro" : "Tare împotriva esotericilor +[n]%",
        "en" : "Strong against Mystics +[n]%",
        "es" : "Fuerza contra Místicos +[n]%",
        "fr" : "Bonus contre les Mystiques +[n]%",
        "it" : "Forte contro Esoterici +[n]%",
        "pt" : "Forte contra Esotéricos: +[n]%",
        "tr" : "Mistiklere karţý güçlü +%[n]",
        "de" : "Stark gegen Esoterische +[n]%"
    },
    {
        "id" : 21,
        "name" : "TOOLTIP_APPLY_ATTBONUS_UNDEAD",
        "ro" : "Puternic împotriva vampirilor +[n]%",
        "en" : "Strong against Undead +[n]%",
        "es" : "Fuerza contra Nomuerto +[n]%",
        "fr" : "Bonus contre les Mort-vivants +[n]%",
        "it" : "Forte contro Zombie +[n]%",
        "pt" : "Forte contra Mortos-Vivos: +[n]%",
        "tr" : "Ölümsüzlere karţý güçlü +%[n]",
        "de" : "Stark gegen Untote +[n]%"
    },
    {
        "id" : 22,
        "name" : "TOOLTIP_APPLY_ATTBONUS_DEVIL",
        "ro" : "Tare împotriva diavolului +[n]%",
        "en" : "Strong against Devils +[n]%",
        "es" : "Fuerza contra Demonio +[n]%",
        "fr" : "Bonus contre le Mal+[n]%",
        "it" : "Forte contro Diavolo +[n]%",
        "pt" : "Forte contra Demónios: +[n]%",
        "tr" : "Ţeytanlara karţý güçlü +%[n]",
        "de" : "Stark gegen Teufel +[n]%"
    },
    {
        "id" : 23,
        "name" : "TOOLTIP_APPLY_STEAL_HP",
        "ro" : "[n]% daune vor fi absorbite de PV.",
        "en" : "[n]% damage  will be absorbed by HP",
        "es" : "[n]% del daño será absorbido por HP.",
        "fr" : "[n]% des dommages infligés sont drainés et ajoutés aux PV.",
        "it" : "[n]% di danni assorbiti da HP.",
        "pt" : "[n]% dos danos serão absorvidos pela VD",
        "tr" : "%[n] hasar, HP ile absorbe edilecek",
        "de" : "[n]% Schaden wird von TP absorbiert"
    },
    {
        "id" : 24,
        "name" : "TOOLTIP_APPLY_STEAL_SP",
        "ro" : "[n]% daune vor fi absorbite de PM.",
        "en" : "[n]% damage will be absorbed by SP",
        "es" : "[n]% del daño será absorbido por SP.",
        "fr" : "[n]% des dommages infligés sont drainés et ajoutés aux PM.",
        "it" : "[n]% di danni assorbiti da MP.",
        "pt" : "[n]% dos danos serão absorvidos pelo MN",
        "tr" : "%[n] hasar, SP ile absorbe edilecek.",
        "de" : "[n]% Schaden wird von MP absorbiert"
    },
    {
        "id" : 25,
        "name" : "TOOLTIP_APPLY_MANA_BURN_PCT",
        "ro" : "[n]% șansă de a jefui SP",
        "en" : "[n]% chance to rob SP",
        "es" : "Probabilidad para robar el SP [n]% ",
        "fr" : "[n]% de chance de drain de PM",
        "it" : "[n]% di possibilità prendere MP dell'avversario",
        "pt" : "[n]% Chance de roubar MN",
        "tr" : "SP çalma ţansý %[n]",
        "de" : "[n]% Chance auf Manaraub"
    },
    {
        "id" : 26,
        "name" : "TOOLTIP_APPLY_DAMAGE_SP_RECOVER",
        "ro" : "Șansă [n]% de a primi înapoi PM la lovituri reușite",
        "en" : "[n]% Chance to get back SP when hit",
        "es" : "[n]% Probabilidad de recuperar SP al golpear",
        "fr" : "[n]% de chance de récupérer des PM lorsque vous touchez",
        "it" : "[n]% di possibilità di mantenere MP nei colpi",
        "pt" : "[n]% Chance de recuperar MN quando atingido",
        "tr" : "Vuruţ yapýldýðýnda Sp geri kazaným ţansý %[n]",
        "de" : "[n]% Chance, MP bei Treffer zurückzuerhalten"
    },
    {
        "id" : 27,
        "name" : "TOOLTIP_APPLY_BLOCK",
        "ro" : "Șansa de a bloca un atac corporal +[n]%",
        "en" : "Chance to block a close-combat attack [n]% ",
        "es" : "Probabilidad de bloquear un ataque cuerpo a cuerpo [n]%",
        "fr" : "Chance de bloquer un coup au Corps-à-corps [n]%",
        "it" : "Possibilità blocco attacco corporale [n]%",
        "pt" : "Chance de bloquear ataques físicos [n]%",
        "tr" : "Yakýn dövüţ saldýrýlarý bloklama ţansý: %[n]",
        "de" : "Chance, Nahkampf-Angriff abzublocken [n]%"
    },
    {
        "id" : 28,
        "name" : "TOOLTIP_APPLY_DODGE",
        "ro" : "Șansă [n]% de a evita atacul cu săgeți",
        "en" : "Chance to avoid Arrows [n]%",
        "es" : "Probabilidad de evitar Flechas [n]%",
        "fr" : "Chance d'éviter les flèches [n]%",
        "it" : "[n]% di possibilità di schivare frecce",
        "pt" : "Chance de evitar Flechas: [n]%",
        "tr" : "Oklardan korunma ţansý %[n]",
        "de" : "[n]% Chance, Pfeilangriff auszuweichen"
    },
    {
        "id" : 29,
        "name" : "TOOLTIP_APPLY_RESIST_SWORD",
        "ro" : "Apărare cu sabia [n]%",
        "en" : "Sword Defence [n]%",
        "es" : "Defensa Espada [n]%",
        "fr" : "Défense contre l'épée [n]%",
        "it" : "Difesa spada [n]%",
        "pt" : "Defesa contra Espadas: [n]%",
        "tr" : "Kýlýç Savunmasý %[n]",
        "de" : "Schwertverteidigung [n]%"
    },
    {
        "id" : 30,
        "name" : "TOOLTIP_APPLY_RESIST_TWOHAND",
        "ro" : "Apărare cu două mâini [n]%",
        "en" : "Two-Handed Defence [n]%",
        "es" : "Defensa Dos Manos [n]%",
        "fr" : "Défense contre l'épée à deux-mains [n]%",
        "it" : "Difesa spadone [n]%",
        "pt" : "Defesa contra Duas Mãos: [n]%",
        "tr" : "Çift-El Savunma %[n]",
        "de" : "Zweihänderverteidigung [n]%"
    },
    {
        "id" : 31,
        "name" : "TOOLTIP_APPLY_RESIST_DAGGER",
        "ro" : "Apărare pumnal [n]%",
        "en" : "Dagger Defence [n]%",
        "es" : "Defensa Daga [n]%",
        "fr" : "Défense contre la dague [n]%",
        "it" : "Difesa pugnale [n]%",
        "pt" : "Defesa contra Punhais: [n]%",
        "tr" : "Býçak Savunmasý %[n]",
        "de" : "Dolchverteidigung [n]%"
    },
    {
        "id" : 32,
        "name" : "TOOLTIP_APPLY_RESIST_BELL",
        "ro" : "Apărare clopot [n]%",
        "en" : "Bell Defence [n]%",
        "es" : "Defensa Campana [n]%",
        "fr" : "Défense contre le Gong [n]%",
        "it" : "Difesa campana [n]%",
        "pt" : "Defesa contra Campainhas: [n]%",
        "tr" : "Çan Savunmasý %[n]",
        "de" : "Glockenverteidigung [n]%"
    },
    {
        "id" : 33,
        "name" : "TOOLTIP_APPLY_RESIST_FAN",
        "ro" : "Apărare evantai [n]%",
        "en" : "Fan Defence [n]%",
        "es" : "Defensa Fan [n]%",
        "fr" : "Défense contre l'éventail [n]%",
        "it" : "Difesa ventaglio [n]%",
        "pt" : "Defesa contra Leques: [n]%",
        "tr" : "Yelpaze Savunmasý %[n]",
        "de" : "Fächerverteidigung [n]%"
    },
    {
        "id" : 34,
        "name" : "TOOLTIP_RESIST_BOW",
        "ro" : "Rezistența la săgeți [n]%",
        "en" : "Arrow Resistance [n]%",
        "es" : "Resistencia de Flechas [n]%",
        "fr" : "Résistance aux flèches [n]%",
        "it" : "Resistenza freccia [n]%",
        "pt" : "Resistência contra Flechas: [n]%",
        "tr" : "Oka karţý dayanýklýlýk %[n]",
        "de" : "Pfeilwiderstand [n]%"
    },
    {
        "id" : 35,
        "name" : "TOOLTIP_RESIST_FIRE",
        "ro" : "Rezistența la foc [n]%",
        "en" : "Fire Resistance [n]%",
        "es" : "Resistencia de Fuego [n]%",
        "fr" : "Résistance au feu [n]%",
        "it" : "Resistenza fuoco [n]%",
        "pt" : "Resistência contra Fogo: [n]%",
        "tr" : "Ateţe karţý dayanýklýlýk %[n]",
        "de" : "Feuerwiderstand [n]%"
    },
    {
        "id" : 36,
        "name" : "TOOLTIP_RESIST_ELEC",
        "ro" : "Rezistența la fulger [n]%",
        "en" : "Lightning Resistance [n]%",
        "es" : "Resistencia de Relámpago [n]%",
        "fr" : "Résistance à la foudre [n]%",
        "it" : "Resistenza lampo [n]%",
        "pt" : "Resistência a Relâmpagos: [n]%",
        "tr" : "Ţimseðe karţý dayanýklýlýk %[n]",
        "de" : "Blitzwiderstand [n]%"
    },
    {
        "id" : 37,
        "name" : "TOOLTIP_RESIST_MAGIC",
        "ro" : "Rezistența la magie [n]%",
        "en" : "Magic Resistance [n]%",
        "es" : "Resistencia de Magia [n]%",
        "fr" : "Résistance à la Magie [n]%",
        "it" : "Resistenza magia [n]%",
        "pt" : "Resistência a Magias: [n]%",
        "tr" : "Büyüye karţý dayanýklýlýk %[n]",
        "de" : "Magiewiderstand [n]%"
    },
    {
        "id" : 38,
        "name" : "TOOLTIP_APPLY_RESIST_WIND",
        "ro" : "Rezistența vântului [n]%",
        "en" : "Wind Resistance [n]%",
        "es" : "Resistencia Viento [n]%",
        "fr" : "Résistance au Vent [n]%",
        "it" : "Resistenza vento [n]%",
        "pt" : "Resistência ao Vento: [n]%",
        "tr" : "Rüzgar Dayanýklýlýðý %[n]",
        "de" : "Windwiderstand [n]%"
    },
    {
        "id" : 39,
        "name" : "TOOLTIP_APPLY_REFLECT_MELEE",
        "ro" : "[n]% șansă de a reflecta loviturile atacului corporal",
        "en" : "[n]% Chance to reflect close combat hits  ",
        "es" : "[n]% Probabilidad de reflectar golpes cuerpo a cuerpo ",
        "fr" : "Chance de renvoyer une attaque au Corps-à-corps : [n]%",
        "it" : "Possibilità di riflettere un attacco corporale: [n]%",
        "pt" : "[n]% Chance de reflectir ataques físicos",
        "tr" : "Yakýn dövüţ vuruţlarýný yansýtma ţansý: %[n]",
        "de" : "[n]% Chance, Nahkampftreffer zu reflektieren"
    },
    {
        "id" : 40,
        "name" : "TOOLTIP_APPLY_REFLECT_CURSE",
        "ro" : "Șansa [n]% de a reflecta un blestem",
        "en" : "Chance to reflect Curse: [n]%",
        "es" : "Probabilidad de reflectar Maldición: [n]%",
        "fr" : "Chance de renvoyer une Malédiction : [n]%",
        "it" : "Possibilità di riflettere maledizione: [n]%",
        "pt" : "Chance de reflectir Maldição: [n]%",
        "tr" : "Lanet Yansýtýlmasý: %[n]",
        "de" : "[n]% Chance, Fluch zu reflektieren"
    },
    {
        "id" : 41,
        "name" : "TOOLTIP_APPLY_POISON_REDUCE",
        "ro" : "Rezistența la otravă [n]%",
        "en" : "Poison Resistance [n]%",
        "es" : "Resistencia a Veneno [n]%",
        "fr" : "Résistance contre le poison [n]%",
        "it" : "Resistenza avvelenamento [n]%",
        "pt" : "Resistência a Envenenamento: [n]%",
        "tr" : "Zehre karţý koyma %[n]",
        "de" : "Giftwiderstand [n]%"
    },
    {
        "id" : 42,
        "name" : "TOOLTIP_APPLY_KILL_SP_RECOVER",
        "ro" : "Șansă [n]% de a reface PM",
        "en" : "[n]% Chance to restore SP",
        "es" : "[n]% Probabilidad para restaurar SP",
        "fr" : "[n]%  de chance de restaurer les PM",
        "it" : "[n]% di possibilità di rigenerare MP",
        "pt" : "[n]% Chance de restaurar MN",
        "tr" : "SP yenileme ţansý %[n]",
        "de" : "[n]% Chance, MP wiederherzustellen"
    },
    {
        "id" : 43,
        "name" : "TOOLTIP_APPLY_EXP_DOUBLE_BONUS",
        "ro" : "Șansă [n]% la bonus-EXP",
        "en" : "[n]% Chance for EXP Bonus",
        "es" : "[n]% Probabilidad de bonus EXP",
        "fr" : "[n]% Chance d'obtenir un Bonus EXP",
        "it" : "[n]% di possibilità sul EXP Bonus",
        "pt" : "[n]% Chance de EXP Bónus",
        "tr" : "EXP Bonus ţansý %[n]",
        "de" : "[n]% Chance auf EXP-Bonus"
    },
    {
        "id" : 44,
        "name" : "TOOLTIP_APPLY_GOLD_DOUBLE_BONUS",
        "ro" : "Șansă [n]% de a arunca de două ori mai mult Yang",
        "en" : "[n]% Chance to drop double Yang",
        "es" : "[n]% Probabilidad de obtener el doble de Yang.",
        "fr" : "[n]% chance d'abandonner le double de Yangs",
        "it" : "[n]% di possibilità di lasciar cadere Yang",
        "pt" : "[n]% Chance de receber Yang a dobrar",
        "tr" : "Ýki kat Yang düţme ţansý %[n]",
        "de" : "[n]% Chance, eine doppelte Menge Yang fallen zu lassen."
    },
    {
        "id" : 45,
        "name" : "TOOLTIP_APPLY_ITEM_DROP_BONUS",
        "ro" : "Șansă [n]% de a arunca de 2 ori mai multe obiecte",
        "en" : "[n]% Chance to drop double the Items",
        "es" : "[n]% Probabilidad de caer doble de Objetos",
        "fr" : "[n]% Chance d'abandonner le double d'objets",
        "it" : "[n]% di possibilità di far cadere il doppio degli oggetti",
        "pt" : "[n]% Chance de receber Itens a dobrar",
        "tr" : "Ýki Kat eţya düţme ţansý %[n]",
        "de" : "[n]% Chance, eine doppelte Menge von Gegenständen fallen zu lassen."
    },
    {
        "id" : 46,
        "name" : "TOOLTIP_APPLY_POTION_BONUS",
        "ro" : "[n]% creștere efect al licorii",
        "en" : "Potion [n]% effect raise",
        "es" : "Poción [n]% aumento de efecto",
        "fr" : "Les effets de la potion [n]% augmentent",
        "it" : "Pozione [n]% aumento dell'effetto",
        "pt" : "O efeito da Poção [n]% aumentou.",
        "tr" : "Ýksir etkisi %[n] yükseldi",
        "de" : "Trank [n]% Effektzuwachs"
    },
    {
        "id" : 47,
        "name" : "TOOLTIP_APPLY_KILL_HP_RECOVER",
        "ro" : "Șansă [n]% de a reface PV",
        "en" : "[n]% Chance, to restore HP",
        "es" : "[n]% Probabilidad para recuperar HP",
        "fr" : "[n]% de chance de restaurer les PV",
        "it" : "[n]% di possibilità di rigenerare HP",
        "pt" : "[n]% Chance de restaurar VD",
        "tr" : "HP yenileme ţansý %[n]",
        "de" : "[n]% Chance, TP wiederherzustellen"
    },
    {
        "id" : 48,
        "name" : "TOOLTIP_APPLY_IMMUNE_STUN",
        "ro" : "Aparare impotriva necunostintei",
        "en" : "Defence against blackouts",
        "es" : "Defensa contra apagones",
        "fr" : "Défense contre l'étourdissement",
        "it" : "Difesa contro svenimento",
        "pt" : "Defesa contra Atordoamento",
        "tr" : "Sersemlik karţýsýnda baðýţýklýk",
        "de" : "Abwehr gegen Ohnmacht"
    },
    {
        "id" : 49,
        "name" : "TOOLTIP_APPLY_IMMUNE_SLOW",
        "ro" : "Aparare impotriva incetinirii",
        "en" : "Defence against slowing",
        "es" : "Defensa contra retardo",
        "fr" : "Défense contre le ralentissement",
        "it" : "Difesa contro rallentamento",
        "pt" : "Defesa contra Abrandamento",
        "tr" : "Yavaţlama karţýsýnda baðýţýklýk",
        "de" : "Abwehr gegen Verlangsamen"
    },
    {
        "id" : 50,
        "name" : "TOOLTIP_APPLY_IMMUNE_FALL",
        "ro" : "Imun la căzătură",
        "en" : "Immune against falling down",
        "es" : "Inmune contra caídas.",
        "fr" : "Immunise contre les chutes",
        "it" : "Immune contro caduta",
        "pt" : "Imune contra Quedas",
        "tr" : "Yere düţme karţýsýnda baðýţýklýk",
        "de" : "Immun gegen Stürzen"
    },
    {
        "id" : 51,
        "name" : "TOOLTIP_SKILL",
        "ro" : "Abilitate",
        "en" : "Skills",
        "es" : "Habilidades",
        "fr" : "Compétences",
        "it" : "Abilità",
        "pt" : "Habilidades",
        "tr" : "Beceriler",
        "de" : "Fertigkeit"
    },
    {
        "id" : 52,
        "name" : "TOOLTIP_BOW_DISTANCE",
        "ro" : "Autonomia arcului +[n]m",
        "en" : "Arc Range +[n] m",
        "es" : "Alcance de Arco +[n]m",
        "fr" : "Portée de l'Arc +[n]m",
        "it" : "Raggio d'azione dell'arco +[n]m",
        "pt" : "Alcance do Arco: +[n]m",
        "tr" : "Yay Menzili +[n]m",
        "de" : "Bogenreichweite +[n] m"
    },
    {
        "id" : 53,
        "name" : "TOOLTIP_ATT_GRADE",
        "ro" : "Valoarea atacului +[n]",
        "en" : "Attack Value +[n]",
        "es" : "Valor de Ataque +[n]",
        "fr" : "Valeur d'attaque +[n]",
        "it" : "Valore d'attacco +[n]",
        "pt" : "Valor de Ataque: +[n]",
        "tr" : "Saldýrý Deðeri +[n]",
        "de" : "Angriffswert +[n]"
    },
    {
        "id" : 54,
        "name" : "TOOLTIP_DEF_GRADE",
        "ro" : "Apărare +[n]",
        "en" : "Defence +[n]",
        "es" : "Defensa +[n]",
        "fr" : "Défense +[n]",
        "it" : "Difesa +[n]",
        "pt" : "Defesa: +[n]",
        "tr" : "Savunma +[n]",
        "de" : "Verteidigung +[n]"
    },
    {
        "id" : 55,
        "name" : "TOOLTIP_MAGIC_ATT_GRADE",
        "ro" : "Valoarea atacului magic +[n]",
        "en" : "Magical Attack Value +[n]",
        "es" : "Valor de Ataque Mágico +[n]",
        "fr" : "Valeur d'attaque magique +[n]",
        "it" : "Valore d'attacco magico +[n]",
        "pt" : "Valor de Ataque Mágico: +[n]",
        "tr" : "Büyülü Saldýrý Deðeri +[n]",
        "de" : "Magischer Angriffswert +[n]"
    },
    {
        "id" : 56,
        "name" : "TOOLTIP_MAGIC_DEF_GRADE",
        "ro" : "Apărare magică +[n]",
        "en" : "Magical Defence +[n]",
        "es" : "Defensa Mágica +[n]",
        "fr" : "Défense magique +[n]",
        "it" : "Difesa magica +[n]",
        "pt" : "Defesa vs Magias: +[n]",
        "tr" : "Büyü Savunmasý +[n]",
        "de" : "Magische Verteidigung +[n]"
    },
    {
        "id" : 58,
        "name" : "TOOLTIP_MAX_STAMINA",
        "ro" : "Rezistență max. +[n]",
        "en" : "Max. Endurance +[n]",
        "es" : "Max. Resistencia +[n]",
        "fr" : "Max. Endurance +[n]",
        "it" : "Max. resistenza +[n]",
        "pt" : "Máx. Resistência: +[n]",
        "tr" : "Max. Dayanýklýlýk +[n]",
        "de" : "Max. Ausdauer +[n]"
    },
    {
        "id" : 59,
        "name" : "TOOLTIP_APPLY_ATTBONUS_WARRIOR",
        "ro" : "Tare împotriva războinicilor +[n]%",
        "en" : "Strong against Warriorr +[n]%",
        "es" : "Fuerza contra Guerrero +[n]%",
        "fr" : "Bonus contre les Guerriers +[n]%",
        "it" : "Forte contro Guerrieri +[n]%",
        "pt" : "Forte contra Guerreiros: +[n]%",
        "tr" : "Savasçýlara karţý güçlü +%[n]",
        "de" : "Stark gegen Krieger +[n]%"
    },
    {
        "id" : 60,
        "name" : "TOOLTIP_APPLY_ATTBONUS_ASSASSIN",
        "ro" : "Tare împotriva ninja +[n]%",
        "en" : "Strong against Ninjas +[n]%",
        "es" : "Fuerza contra Ninjas +[n]%",
        "fr" : "Bonus contre les Ninjas +[n]%",
        "it" : "Forte contro Ninja +[n]%",
        "pt" : "Forte contra Ninjas: +[n]%",
        "tr" : "Ninjalara karţý güçlü +%[n]",
        "de" : "Stark gegen Ninjas +[n]%"
    },
    {
        "id" : 61,
        "name" : "TOOLTIP_APPLY_ATTBONUS_SURA",
        "ro" : "Tare împotriva sura +[n]%",
        "en" : "Strong against Sura +[n]%",
        "es" : "Fuerza contra Sura +[n]%",
        "fr" : "Bonus contre les Sura +[n]%",
        "it" : "Forte contro Sura +[n]%",
        "pt" : "Forte contra Suras: +[n]%",
        "tr" : "Suralara karţý güçlü +%[n]",
        "de" : "Stark gegen Sura +[n]%"
    },
    {
        "id" : 62,
        "name" : "TOOLTIP_APPLY_ATTBONUS_SHAMAN",
        "ro" : "Tare împotriva șamanilor +[n]%",
        "en" : "Strong against Shamans +[n]%",
        "es" : "Fuerza contra Chamanes +[n]%",
        "fr" : "Bonus contre les chamanes +[n]%",
        "it" : "Forte contro Shamane +[n]%",
        "pt" : "Forte contra Xamãs: +[n]%",
        "tr" : "Ţamanlara karţý güçlü +%[n]",
        "de" : "Stark gegen Schamanen +[n]%"
    },
    {
        "id" : 63,
        "name" : "TOOLTIP_APPLY_ATTBONUS_MONSTER",
        "ro" : "Tare împotriva monștrilor +[n]%",
        "en" : "Strength against monsters +[n]%",
        "es" : "Fuerza contra monstruos +[n]%",
        "fr" : "Force contre les Monstres +[n]%",
        "it" : "Forte contro mostri +[n]%",
        "pt" : "Forte contra Monstros: +[n]%",
        "tr" : "Canavarlara karţý güçlü +%[n]",
        "de" : "Stark gegen Monster +[n]%"
    },
    {
        "id" : 64,
        "name" : "TOOLTIP_MALL_ATTBONUS",
        "ro" : "Valoarea atacului +[n]%",
        "en" : "Attack Value +[n]%",
        "es" : "Valor de Ataque +[n]%",
        "fr" : "Valeur d'attaque +[n]%",
        "it" : "Valore d'attacco +[n]%",
        "pt" : "Valor de Ataque: +[n]",
        "tr" : "Saldýrý Deðeri +%[n]",
        "de" : "Angriffswert +[n]%"
    },
    {
        "id" : 65,
        "name" : "TOOLTIP_MALL_DEFBONUS",
        "ro" : "Apărare +[n]%",
        "en" : "Defence +[n]%",
        "es" : "Defensa +[n]%",
        "fr" : "Défense +[n]%",
        "it" : "Difesa +[n]%",
        "pt" : "Defesa: +[n]%",
        "tr" : "Savunma +%[n]",
        "de" : "Verteidigung +[n]%"
    },
    {
        "id" : 66,
        "name" : "TOOLTIP_MALL_EXPBONUS",
        "ro" : "EXP +[n]%",
        "en" : "EXP +[n]%",
        "es" : "EXP +[n]%",
        "fr" : "EXP +[n]%",
        "it" : "EXP +[n]%",
        "pt" : "EXP: +[n]%",
        "tr" : "EXP +%[n]",
        "de" : "EXP +[n]%"
    },
    {
        "id" : 67,
        "name" : "TOOLTIP_MALL_ITEMBONUS",
        "ro" : "Șansă de drop obiecte ([n])",
        "en" : "Item drop chance ([n])",
        "es" : "Probabilidad de caída de objetos ([n])",
        "fr" : "Chance de Drop d'objet ([n]) ",
        "it" : "Possibilità di drop di oggetti ([n])",
        "pt" : "Probabilidade de queda de itens ([n])",
        "tr" : "Nesne düţürme ţansý [n]",
        "de" : "Dropchance von Gegenständen ([n])"
    },
    {
        "id" : 68,
        "name" : "TOOLTIP_MALL_GOLDBONUS",
        "ro" : "Sansa de drop Yang crescuta cu [n]%",
        "en" : "Yang drop chance is increased by [n]%",
        "es" : "Probabilidad de obtener botín de Yang aumenta en un [n]%.",
        "fr" : "Chance d'obtenir des Yangs augmentée de [n]%.",
        "it" : "Possibilità di drop di Yang ([n])",
        "pt" : "Probabilidade de queda de Yang aumentada em [n]%",
        "tr" : "Elde edilen yang kat sayýsý [n] olarak deðiţti.",
        "de" : "Dropchance Yang um [n]% erhöht."
    },
    {
        "id" : 69,
        "name" : "TOOLTIP_MAX_HP_PCT",
        "ro" : "Max. PV +[n]%",
        "en" : "Max. HP +[n]%",
        "es" : "Max. HP +[n]%",
        "fr" : "PV max. +[n]%",
        "it" : "Max. HP +[n]%",
        "pt" : "Máx. VD: +[n]%",
        "tr" : "Max. HP +%[n]",
        "de" : "Max. TP +[n]%"
    },
    {
        "id" : 70,
        "name" : "TOOLTIP_MAX_SP_PCT",
        "ro" : "Max. PM +[n]%",
        "en" : "Max. SP +[n]%",
        "es" : "Max. SP +[n]%",
        "fr" : "PM max. +[n]%",
        "it" : "Max. MP +[n]%",
        "pt" : "Máx. MN: +[n]%",
        "tr" : "Max. SP +%[n]",
        "de" : "Max. MP +[n]%"
    },
    {
        "id" : 71,
        "name" : "TOOLTIP_SKILL_DAMAGE_BONUS",
        "ro" : "Paguba Abilității [n]%",
        "en" : "Skill Damage [n]%",
        "es" : "Daño de Habilidad [n]%",
        "fr" : "Dégats de compétence [n]%",
        "it" : "Danni abilità [n]%",
        "pt" : "Dano de Habilidades: [n]%",
        "tr" : "Beceri Hasarý %[n]",
        "de" : "Fertigkeitsschaden [n]%"
    },
    {
        "id" : 72,
        "name" : "TOOLTIP_NORMAL_HIT_DAMAGE_BONUS",
        "ro" : "Paguba medie [n]%",
        "en" : "Average Damage [n]%",
        "es" : "Daño de Media [n]%",
        "fr" : "Dégats moyen :  [n]%",
        "it" : "Danni medi [n]%",
        "pt" : "Dano Médio: [n]%",
        "tr" : "Ortalama Zarar %[n]",
        "de" : "Durchschn. Schaden [n]%"
    },
    {
        "id" : 73,
        "name" : "TOOLTIP_SKILL_DEFEND_BONUS",
        "ro" : "Rezistență la Paguba Abilității [n]%",
        "en" : "Resistance against Skill Damage [n]%",
        "es" : "Resistencia contra Daño de Habilidad [n]%",
        "fr" : "Résistance contre les dégats de compétences [n]%",
        "it" : "Resistenza contro i danni abilità [n]%",
        "pt" : "Resistência contra Dano de Habilidades: [n]%",
        "tr" : "Beceri hasarýna karţý koyma %[n]",
        "de" : "Widerstand gegen Fertigkeitsschaden [n]%"
    },
    {
        "id" : 74,
        "name" : "TOOLTIP_NORMAL_HIT_DEFEND_BONUS",
        "ro" : "Rezistența medie la pagubă [n]%",
        "en" : "Average Damage Resistance [n]%",
        "es" : "Resistencia de Daño de Media [n]%",
        "fr" : "Résistance aux Dégâts Moyens : [n]%",
        "it" : "Resistenza ai danni media [n]%",
        "pt" : "Resistência a Dano Médio: [n]%",
        "tr" : "Ortalama Zarara Direniţ %[n]",
        "de" : "Durchschn. Schadenswiderstand [n]%"
    },
    {
        "id" : 76,
        "name" : "TOOLTIP_MALL_EXPBONUS_P_STATIC",
        "ro" : "iCafe EXP-Bonus +[n]%",
        "en" : "iCafe EXP Bonus +[n]%",
        "es" : "iCafe EXP Bonus +[n]%",
        "fr" : "Bonus CyberCafé EXP +[n]%",
        "it" : "iCafe EXP-Bonus +[n]%",
        "pt" : "EXP Bónus iCafe: +[n]%",
        "tr" : "iCafe EXP Bonus +%[n]",
        "de" : "iCafe EXP-Bonus +[n]%"
    },
    {
        "id" : 77,
        "name" : "TOOLTIP_MALL_ITEMBONUS_P_STATIC",
        "ro" : "Șansa iCafe de a captura obiecte plus [n]%",
        "en" : "iCafe Chance of capturing Items plus [n]%",
        "es" : "iCafe Probabilidad de capturar objetos más [n]%",
        "fr" : "iCafe Chance de trouver des Yangs plus [n]%",
        "it" : "iCafe Possibilità sul razziare oggetti più [n]%",
        "pt" : "iCafe - Probabilidade de apanhar Itens multiplicada por [n]",
        "tr" : "Eţya ele geçirme ţans artýţý %[n]",
        "de" : "iCafe Chance auf Erbeuten von Gegenständen plus [n]%"
    },
    {
        "id" : 78,
        "name" : "TOOLTIP_APPLY_RESIST_WARRIOR",
        "ro" : "Sansa de aparare impotriva atacului razboinicilor: [n]%",
        "en" : "Defence chance against warrior attacks: [n]%",
        "es" : "Opción de defensa contra ataques Guerreros: [n]%",
        "fr" : "Chance de parer une attaque Guerrier: [n]%",
        "it" : "Possibilità di difesa dai guerrieri [n]%",
        "pt" : "Resistência a dano de Guerreiros: [n]%",
        "tr" : "Savaţçý saldýrýlarýna karţý savunma ţansý: %[n]",
        "de" : "Abwehrchance gegen Kriegerangriffe [n]%"
    },
    {
        "id" : 79,
        "name" : "TOOLTIP_APPLY_RESIST_ASSASSIN",
        "ro" : "Șansa de apărare împotriva atacului ninja [n]%",
        "en" : "Defence chance against ninja attacks: [n]%",
        "es" : "Opción de defensa contra ataques Ninjas: [n]%",
        "fr" : "Chance de parer une attaque Ninja: [n]%",
        "it" : "Possibilità di difesa dai ninja [n]%",
        "pt" : "Resistência a dano de Ninjas: [n]%",
        "tr" : "Ninja saldýrýlarýna karţý savunma ţansý %[n]",
        "de" : "Abwehrchance gegen Ninjaangriffe [n]%"
    },
    {
        "id" : 80,
        "name" : "TOOLTIP_APPLY_RESIST_SURA",
        "ro" : "Șansa de apărare împotriva atacului sura [n]%",
        "en" : "Defence chance against sura attacks: [n]%",
        "es" : "Opción de defensa contra ataques Suras: [n]%",
        "fr" : "Chance de parer une attaque Sura: [n]%",
        "it" : "Possibilità di difesa dai sura [n]%",
        "pt" : "Resistência a dano de Suras: [n]%",
        "tr" : "Sura saldýrýlarýna karţý savunma ţansý: %[n]",
        "de" : "Abwehrchance gegen Suraangriffe [n]%"
    },
    {
        "id" : 81,
        "name" : "TOOLTIP_APPLY_RESIST_SHAMAN",
        "ro" : "Șansa de apărare împotriva atacului șamanilor [n]%",
        "en" : "Defence chance against shaman attacks: [n]%",
        "es" : "Opción de defensa contra ataques Chamán: [n]%",
        "fr" : "Chance de parer une attaque Chamane: [n]%",
        "it" : "Possibilità di difesa dagli shamani [n]%",
        "pt" : "Resistência a dano de Xamãs: [n]%",
        "tr" : "Ţaman saldýrýlarýna karţý savunma ţansý: %[n]",
        "de" : "Abwehrchance gegen Schamanenangriffe [n]%"
    },
    {
        "id" : 82,
        "name" : "TOOLTIP_ENERGY",
        "ro" : "Energie [n]",
        "en" : "Energy [n] ",
        "es" : "Energía [n]",
        "fr" : "Énergie [n]",
        "it" : "Energia [n]",
        "pt" : "Energia [n]",
        "tr" : "Enerji [n]",
        "de" : "Energie [n]"
    },
    {
        "id" : 84,
        "name" : "TOOLTIP_COSTUME_ATTR_BONUS",
        "ro" : "Bonus costum [n]%",
        "en" : "Costume bonus [n]% ",
        "es" : "Bonificación por atuendo [n]% ",
        "fr" : "Bonus costume [n]% ",
        "it" : "Bonus costume [n]% ",
        "pt" : "Bónus de disfarce [n]",
        "tr" : "Kostüm bonusu %[n]",
        "de" : "Kostümbonus [n]%"
    },
    {
        "id" : 85,
        "name" : "TOOLTIP_MAGIC_ATTBONUS_PER",
        "ro" : "Atac magic +[n]%",
        "en" : "Magic attack +[n]%",
        "es" : "Ataque mágico +[n]% ",
        "fr" : "Attaques magiques +[n]%",
        "it" : "Attacco magico +[n]% ",
        "pt" : "Ataque Mágico +[n]%",
        "tr" : "Büyü Saldýrý +%[n]",
        "de" : "Magischer Angriff +[n]%"
    },
    {
        "id" : 86,
        "name" : "TOOLTIP_MELEE_MAGIC_ATTBONUS_PER",
        "ro" : "Atac cu arma\/magic +[n]%",
        "en" : "Magic\/melee attack +[n]%",
        "es" : "Ataque mágico\/cuerpo a cuerpo +[n]%",
        "fr" : "Attaque au corps à corps\/magique +[n]%",
        "it" : "Attacco\/magico Attacco\/corpo a corpo +[n]% ",
        "pt" : "Ataque Mágico\/Corpo-a-Corpo +[n]%",
        "tr" : "Büyü Saldýrý \/ Yakýn Dövüţ Saldýrý +%[n]",
        "de" : "Magie-\/Nahkampfangriff +[n]%"
    },
    {
        "id" : 87,
        "name" : "TOOLTIP_RESIST_ICE",
        "ro" : "Rezistenta gheata +[n]%",
        "en" : "Ice resistance +[n]%",
        "es" : "Resistencia de hielo +[n]%",
        "fr" : "Résistance à la glace +[n]%",
        "it" : "Resistenza ghiaccio +[n]%",
        "pt" : "Resistência contra Gelo +[n]%",
        "tr" : "Buz Direnci +%[n]",
        "de" : "Eiswiderstand +[n]%"
    },
    {
        "id" : 88,
        "name" : "TOOLTIP_RESIST_EARTH",
        "ro" : "Rezistenta pamant +[n]%",
        "en" : "Earth resistance +[n]%",
        "es" : "Resistencia de tierra +[n]%",
        "fr" : "Résistance à la terre +[n]%",
        "it" : "Resistenza terra +[n]%",
        "pt" : "Resistência contra Terra +[n]%",
        "tr" : "Dünya Direnci +%[n]",
        "de" : "Erdwiderstand +[n]%"
    },
    {
        "id" : 89,
        "name" : "TOOLTIP_RESIST_DARK",
        "ro" : "Rezistenta la intunecare +[n]%",
        "en" : "Resistance against darkness +[n]%",
        "es" : "Resistencia contra oscuridad +[n]%",
        "fr" : "Résistance à l'obscurité +[n]%",
        "it" : "Resistenza contro l'oscurità +[n]% ",
        "pt" : "Resistência contra Trevas +[n]%",
        "tr" : "Karanlýk Direnci +%[n]",
        "de" : "Widerstand gegen Dunkelheit +[n]%"
    },
    {
        "id" : 90,
        "name" : "TOOLTIP_ANTI_CRITICAL_PCT",
        "ro" : "Rezistență la lovitura critică +[n]%",
        "en" : "Resistance against critical hits +[n]%",
        "es" : "Resistencia contra golpe crítico +[n]%",
        "fr" : "Résistance contre les coups critiques +[n]%",
        "it" : "Resistenza contro il colpo critico +[n]% ",
        "pt" : "Resistência a Golpes Críticos +[n]%",
        "tr" : "Kritik Vuruţ Direnci +%[n]",
        "de" : "Widerstand gegen kritischen Treffer +[n]%"
    },
    {
        "id" : 91,
        "name" : "TOOLTIP_ANTI_PENETRATE_PCT",
        "ro" : "Rezistență la lovitura pătrunzătoare +[n]%",
        "en" : "Resistance against piercing hits +[n]%",
        "es" : "Resistencia contra golpe penetrante +[n]%",
        "fr" : "Résistance contre les coups perçants +[n]%",
        "it" : "Resistenza contro i colpi trafiggenti +[n]%",
        "pt" : "Resistência a Golpes Perfurantes +[n]%",
        "tr" : "Delici Vuruţ Direnci +%[n]",
        "de" : "Widerstand gegen durchbohrenden Treffer +[n]%"
    },
    {
        "id" : 92,
        "name" : "TOOLTIP_APPLY_ATTBONUS_WOLFMAN",
        "ro" : "Puternic impotriva Lycanilor + [n]%",
        "en" : "Strong against Lycans + [n]%",
        "es" : "Fuerza contra Lícanos + [n]%",
        "fr" : "Force contre les Lycans + [n]%",
        "it" : "Forte contro lican + [n]%",
        "pt" : "Forte contra Lycans + [n]%",
        "tr" : "Lycanlar'a karţý güçlü + %[n]",
        "de" : "Stark gegen Lykaner + [n]%"
    },
    {
        "id" : 93,
        "name" : "TOOLTIP_APPLY_RESIST_WOLFMAN",
        "ro" : "Sansa de aparare impotriva atacului Lycan [n]%",
        "en" : "Defence chance against Lycan attacks [n]%",
        "es" : "Probabilidad de defensa contra Lícanos [n]%",
        "fr" : "Chance de parer les Lycans [n]%",
        "it" : "Possibilità di difesa dai lican [n]%",
        "pt" : "Probabilidade de defesa contra ataques de Lycans [n]%",
        "tr" : "Lycanlar'a karţý savunma ţansý +%[n]",
        "de" : "Abwehrchance gegen Lykaner [n]%"
    },
    {
        "id" : 94,
        "name" : "TOOLTIP_APPLY_RESIST_CLAW",
        "ro" : "Sansa de aparare impotriva coltilor + [n]%",
        "en" : "Defence chance against claws + [n]%",
        "es" : "Probabilidad de defensa contra garras + [n]%",
        "fr" : "Chance de parer les griffes + [n]%",
        "it" : "Possibilità di difesa dagli artigli + [n]%",
        "pt" : "Probabilidade de defesa contra garras + [n]%",
        "tr" : "Pençelerde savunma ţansý +%[n]",
        "de" : "Abwehrchance gegen Krallen + [n]%"
    },
    {
        "id" : 95,
        "name" : "TOOLTIP_APPLY_BLEEDING_PCT",
        "ro" : "Atac sangeros + [n]%",
        "en" : "Bleeding attack + [n]%",
        "es" : "Ataque de sangrado + [n]%",
        "fr" : "Attaque saignante + [n]%",
        "it" : "Attacco sanguinante + [n]%",
        "pt" : "Ataque de sangramento + [n]%",
        "tr" : "Kanama Saldýrýsý +%[n]",
        "de" : "Blutungsangriff + [n]%"
    },
    {
        "id" : 96,
        "name" : "TOOLTIP_APPLY_BLEEDING_REDUCE",
        "ro" : "Rezistenta impotriva atacului sangeros + [n]%",
        "en" : "Resistance against bleeding attacks + [n]%",
        "es" : "Resistencia contra ataque de sangrado + [n]%",
        "fr" : "Résistance contre les attaques saignantes + [n]%",
        "it" : "Resistenza contro l'attacco sanguinante + [n]%",
        "pt" : "Resistência a ataques de sangramento + [n]%",
        "tr" : "Kanama saldýrýlarýnda direnç +%[n]",
        "de" : "Widerstand gegen Blutungsangriff + [n]%"
    }
]